{"cameraMode":{"drawMode":0,"name":"Shaded","section":"Shading Mode"},"sceneLighting":false,"audioPlay":false,"sceneViewState":{"m_AlwaysRefresh":false,"showFog":true,"showSkybox":true,"showFlares":true,"showImageEffects":true,"showParticleSystems":true,"showVisualEffectGraphs":true,"m_FxEnabled":true},"in2DMode":false,"pivot":{"x":0.02696990966796875,"y":-49.745689392089847,"z":75.02959442138672},"rotation":{"x":0.003013303503394127,"y":-0.9965901374816895,"z":0.07068629562854767,"w":0.0424874909222126},"size":9.354362487792969,"orthographic":false}