{"cameraMode":{"drawMode":0,"name":"Shaded","section":"Shading Mode"},"sceneLighting":false,"audioPlay":false,"sceneViewState":{"m_AlwaysRefresh":false,"showFog":true,"showSkybox":true,"showFlares":true,"showImageEffects":true,"showParticleSystems":true,"showVisualEffectGraphs":true,"m_FxEnabled":true},"in2DMode":false,"pivot":{"x":-3.612560272216797,"y":-0.014537811279296875,"z":-1.470900535583496},"rotation":{"x":-0.04328077286481857,"y":0.9437246918678284,"z":-0.13714174926280976,"w":-0.29783186316490176},"size":3.772834062576294,"orthographic":false}